Workbook

Sheet 使い方
A1: コンディション × 食事 自己管理シート 使い方
A2: このシートの目的：食事・コンディションの記録を通じて、自分の体の傾向を把握し、食事を調整する力を身につける
A4: STEP 1 毎日記録する項目（「日次記録」シートに入力）
B5: 項目 | D5: 説明
B6: 体重 (kg) | D6: 毎朝、起床直後・トイレ後に測定。同じ条件で測ることが大切
B7: 疲労度 (0〜10) | D7: 0=全く疲れていない、10=ひどく疲れて動けないほど で主観評価
B8: 睡眠時間 (h) | D8: 前夜の実際の睡眠時間（例：7.5）
B9: 睡眠の質 (0〜5) | D9: 0=最悪、5=最高 で主観評価
B10: 練習時間 (分) | D10: その日のトレーニング時間（例：90）
B11: RPE (0〜10) | D11: 運動強度の自覚（0=安静、10=最大強度）
B12: 練習負荷スコア | D12: 自動計算：練習時間(分) × RPE → 高いほど負荷が大きい
B13: 主食量 (茶碗換算) | D13: ご飯・パン・麺を「茶碗何杯分」に換算（パン1枚≒0.5杯、麺1人前≒1.5杯）
B14: 水分摂取量 (mL) | D14: 練習中も含めた1日の合計水分量（目安：練習日は2,500 mL以上）
B15: 補食・サプリ | D15: 摂取したものを自由記述（例：プロテイン20g、バナナ1本）
A17: STEP 2 週に1回チェックする（「週次サマリー」シートを確認）
B18: 項目 | D18: 説明
B19: 体重の変動 | D19: 3日移動平均が2日以上連続で下降→エネルギー不足のサイン。主食を1品追加
B20: 疲労度と前日の主食 | D20: 高疲労（7以上）の日の前日に主食が少なくなかったか確認
B21: 練習負荷と体重 | D21: 高負荷（スコア700以上）翌日に体重が-1 kg以上→脱水＋グリコーゲン消耗
B22: 水分不足 | D22: 水分摂取量が2,000 mL未満の日が続いたら意識的に補給量を増やす
A24: STEP 3 月に1回グラフを確認する（「週次サマリー」シートのグラフ）
B25: 項目 | D25: 説明
B26: グラフ① | D26: 体重の推移（折れ線）＋疲労度の平均（棒）→エネルギー不足の時期を特定
B27: グラフ② | D27: 週ごとの練習負荷スコア（棒）＋主食量の平均（折れ線）→負荷に炭水化物が追いついているか確認
A30: 自動警告の色の意味（「日次記録」シート）
D31: 赤：体重が前日比 −1.0 kg以上低下 → 脱水の可能性。水分・電解質を補給
D32: 橙：疲労度が 8 以上 → 高疲労。前日・当日の炭水化物摂取を確認
D33: 黄：主食量が 2 茶碗未満 → 炭水化物不足の可能性
D34: 水色：水分摂取量が 2,000 mL未満 → 水分補給の強化が必要

Sheet 日次記録
A1: コンディション × 食事 日次記録シート
A2: 青色列：自動計算（入力不要） 緑色列：自由記述 白色列：毎日入力
A3: 日付 | B3: 体重 | C3: 前日比 | D3: 3日移動 平均 | E3: 疲労度 | F3: 睡眠時間 | G3: 睡眠の質 | H3: 練習時間 | I3: RPE | J3: 練習負荷 スコア | K3: 主食量 | L3: 水分摂取量 | M3: 補食・サプリメント
B4: (kg) | C4: (kg) | D4: (kg) | E4: (0〜10) | F4: (h) | G4: (0〜5) | H4: (分) | I4: (0〜10) | J4: (分×RPE) | K4: (茶碗換算) | L4: (mL) | M4: (自由記述)
A5: 46174 | J5: =IFERROR(H5*I5,"")
A6: 46175 | C6: =B6-B5 | J6: =IFERROR(H6*I6,"")
A7: 46176 | C7: =B7-B6 | D7: =IFERROR(AVERAGE(B5:B7),"") | J7: =IFERROR(H7*I7,"")
A8: 46177 | C8: =B8-B7 | D8: =IFERROR(AVERAGE(B6:B8),"") | J8: =IFERROR(H8*I8,"")
A9: 46178 | C9: =B9-B8 | D9: =IFERROR(AVERAGE(B7:B9),"") | J9: =IFERROR(H9*I9,"")
A10: 46179 | C10: =B10-B9 | D10: =IFERROR(AVERAGE(B8:B10),"") | J10: =IFERROR(H10*I10,"")
A11: 46180 | C11: =B11-B10 | D11: =IFERROR(AVERAGE(B9:B11),"") | J11: =IFERROR(H11*I11,"")
A12: 46181 | C12: =B12-B11 | D12: =IFERROR(AVERAGE(B10:B12),"") | J12: =IFERROR(H12*I12,"")
A13: 46182 | C13: =B13-B12 | D13: =IFERROR(AVERAGE(B11:B13),"") | J13: =IFERROR(H13*I13,"")
A14: 46183 | C14: =B14-B13 | D14: =IFERROR(AVERAGE(B12:B14),"") | J14: =IFERROR(H14*I14,"")
A15: 46184 | C15: =B15-B14 | D15: =IFERROR(AVERAGE(B13:B15),"") | J15: =IFERROR(H15*I15,"")
A16: 46185 | C16: =B16-B15 | D16: =IFERROR(AVERAGE(B14:B16),"") | J16: =IFERROR(H16*I16,"")
A17: 46186 | C17: =B17-B16 | D17: =IFERROR(AVERAGE(B15:B17),"") | J17: =IFERROR(H17*I17,"")
A18: 46187 | C18: =B18-B17 | D18: =IFERROR(AVERAGE(B16:B18),"") | J18: =IFERROR(H18*I18,"")
... A34: 46203 | C34: =B34-B33 | D34: =IFERROR(AVERAGE(B32:B34),"") | J34: =IFERROR(H34*I34,"")

Sheet 週次サマリー
A1: 週次サマリー（自動集計）
A2: ※ 日次記録シートに入力すると自動で集計されます。週の開始は月曜日とします。
A3: 週 | B3: 期間 | C3: 平均体重 | D3: 体重変化 | E3: 平均疲労度 | F3: 週合計 負荷 | G3: 平均 主食量 | H3: 平均 水分量 | I3: 平均 睡眠 | J3: コメント・ 所見
A4: （No.） | C4: (kg) | D4: (週初→週末) | E4: (0〜10) | F4: (分×RPE合計) | G4: (茶碗/日) | H4: (mL/日) | I4: (h/日)
A5: 第1週 | B5: 6/1(月)〜6/7(日) | C5: =IFERROR(AVERAGE('日次記録'!B5:B11),"") | D5: =IFERROR('日次記録'!B11-'日次記録'!B5,"") | E5: =IFERROR(AVERAGE('日次記録'!E5:E11),"") | F5: =IFERROR(SUM('日次記録'!J5:J11),"") | G5: =IFERROR(AVERAGE('日次記録'!K5:K11),"") | H5: =IFERROR(AVERAGE('日次記録'!L5:L11),"") | I5: =IFERROR(AVERAGE('日次記録'!F5:F11),"")
A6: 第2週 | B6: 6/8(月)〜6/14(日) | C6: =IFERROR(AVERAGE('日次記録'!B12:B18),"") | D6: =IFERROR('日次記録'!B18-'日次記録'!B12,"") | E6: =IFERROR(AVERAGE('日次記録'!E12:E18),"") | F6: =IFERROR(SUM('日次記録'!J12:J18),"") | G6: =IFERROR(AVERAGE('日次記録'!K12:K18),"") | H6: =IFERROR(AVERAGE('日次記録'!L12:L18),"") | I6: =IFERROR(AVERAGE('日次記録'!F12:F18),"")
A7: 第3週 | B7: 6/15(月)〜6/21(日) | C7: =IFERROR(AVERAGE('日次記録'!B19:B25),"") | D7: =IFERROR('日次記録'!B25-'日次記録'!B19,"") | E7: =IFERROR(AVERAGE('日次記録'!E19:E25),"") | F7: =IFERROR(SUM('日次記録'!J19:J25),"") | G7: =IFERROR(AVERAGE('日次記録'!K19:K25),"") | H7: =IFERROR(AVERAGE('日次記録'!L19:L25),"") | I7: =IFERROR(AVERAGE('日次記録'!F19:F25),"")
A8: 第4週 | B8: 6/22(月)〜6/28(日) | C8: =IFERROR(AVERAGE('日次記録'!B26:B32),"") | D8: =IFERROR('日次記録'!B32-'日次記録'!B26,"") | E8: =IFERROR(AVERAGE('日次記録'!E26:E32),"") | F8: =IFERROR(SUM('日次記録'!J26:J32),"") | G8: =IFERROR(AVERAGE('日次記録'!K26:K32),"") | H8: =IFERROR(AVERAGE('日次記録'!L26:L32),"") | I8: =IFERROR(AVERAGE('日次記録'!F26:F32),"")
